#datatype,string,long,dateTime:RFC3339,dateTime:RFC3339,dateTime:RFC3339,double,string,string,string,string
#group,false,false,true,true,false,false,true,true,true,true
#default,_result,,,,,,,,,
,result,table,_start,_stop,_time,_value,_field,_measurement,id,object
,,0,2020-06-01T00:00:00Z,2020-11-27T12:00:00Z,2020-06-19T23:56:20Z,3143,duration,sci,S1BS,Mars
,,0,2020-06-01T00:00:00Z,2020-11-27T12:00:00Z,2020-06-21T11:44:44Z,3526,duration,sci,S1BS,Mars
,,0,2020-06-01T00:00:00Z,2020-11-27T12:00:00Z,2020-06-21T15:03:06Z,4053,duration,sci,S1BS,Mars
,,0,2020-06-01T00:00:00Z,2020-11-27T12:00:00Z,2020-06-24T07:19:52Z,40,duration,sci,S1BS,Mars
,,0,2020-06-01T00:00:00Z,2020-11-27T12:00:00Z,2020-06-24T11:12:47Z,308,duration,sci,S1BS,Mars
,,0,2020-06-01T00:00:00Z,2020-11-27T12:00:00Z,2020-06-24T15:08:42Z,308,duration,sci,S1BS,Mars
,,0,2020-06-01T00:00:00Z,2020-11-27T12:00:00Z,2020-06-24T19:06:00Z,220,duration,sci,S1BS,Mars
,,0,2020-06-01T00:00:00Z,2020-11-27T12:00:00Z,2020-06-24T23:01:49Z,216,duration,sci,S1BS,Mars
,,0,2020-06-01T00:00:00Z,2020-11-27T12:00:00Z,2020-06-25T02:57:48Z,209,duration,sci,S1BS,Mars
,,0,2020-06-01T00:00:00Z,2020-11-27T12:00:00Z,2020-06-25T06:52:11Z,299,duration,sci,S1BS,Mars
,,0,2020-06-01T00:00:00Z,2020-11-27T12:00:00Z,2020-06-25T11:38:02Z,3200,duration,sci,S1BS,Mars
,,0,2020-06-01T00:00:00Z,2020-11-27T12:00:00Z,2020-06-25T14:43:56Z,293,duration,sci,S1BS,Mars
,,0,2020-06-01T00:00:00Z,2020-11-27T12:00:00Z,2020-06-25T20:37:43Z,290,duration,sci,S1BS,Mars
,,0,2020-06-01T00:00:00Z,2020-11-27T12:00:00Z,2020-06-26T00:35:03Z,195,duration,sci,S1BS,Mars
,,0,2020-06-01T00:00:00Z,2020-11-27T12:00:00Z,2020-06-26T04:31:00Z,191,duration,sci,S1BS,Mars
,,0,2020-06-01T00:00:00Z,2020-11-27T12:00:00Z,2020-06-26T08:25:19Z,283,duration,sci,S1BS,Mars
,,0,2020-06-01T00:00:00Z,2020-11-27T12:00:00Z,2020-06-26T12:21:12Z,275,duration,sci,S1BS,Mars
,,0,2020-06-01T00:00:00Z,2020-11-27T12:00:00Z,2020-06-26T16:17:09Z,273,duration,sci,S1BS,Mars
,,0,2020-06-01T00:00:00Z,2020-11-27T12:00:00Z,2020-06-26T20:13:00Z,271,duration,sci,S1BS,Mars
,,0,2020-06-01T00:00:00Z,2020-11-27T12:00:00Z,2020-06-27T00:10:19Z,174,duration,sci,S1BS,Mars
,,0,2020-06-01T00:00:00Z,2020-11-27T12:00:00Z,2020-06-27T04:06:20Z,164,duration,sci,S1BS,Mars
,,0,2020-06-01T00:00:00Z,2020-11-27T12:00:00Z,2020-06-27T08:02:05Z,172,duration,sci,S1BS,Mars
,,0,2020-06-01T00:00:00Z,2020-11-27T12:00:00Z,2020-06-27T11:56:28Z,256,duration,sci,S1BS,Mars
,,0,2020-06-01T00:00:00Z,2020-11-27T12:00:00Z,2020-06-27T15:52:24Z,254,duration,sci,S1BS,Mars
,,0,2020-06-01T00:00:00Z,2020-11-27T12:00:00Z,2020-06-27T21:46:45Z,215,duration,sci,S1BS,Mars
,,0,2020-06-01T00:00:00Z,2020-11-27T12:00:00Z,2020-06-28T01:44:20Z,95,duration,sci,S1BS,Mars
,,0,2020-06-01T00:00:00Z,2020-11-27T12:00:00Z,2020-06-28T05:40:17Z,89,duration,sci,S1BS,Mars
,,0,2020-06-01T00:00:00Z,2020-11-27T12:00:00Z,2020-06-28T09:34:20Z,207,duration,sci,S1BS,Mars
,,0,2020-06-01T00:00:00Z,2020-11-27T12:00:00Z,2020-06-28T11:09:14Z,2099,duration,sci,S1BS,Mars
,,0,2020-06-01T00:00:00Z,2020-11-27T12:00:00Z,2020-06-28T12:34:56Z,1570,duration,sci,S1BS,Mars
,,0,2020-06-01T00:00:00Z,2020-11-27T12:00:00Z,2020-06-28T14:17:01Z,2362,duration,sci,S1BS,Mars
,,0,2020-06-01T00:00:00Z,2020-11-27T12:00:00Z,2020-06-28T21:22:01Z,194,duration,sci,S1BS,Mars
,,0,2020-06-01T00:00:00Z,2020-11-27T12:00:00Z,2020-06-29T01:17:52Z,189,duration,sci,S1BS,Mars
,,0,2020-06-01T00:00:00Z,2020-11-27T12:00:00Z,2020-06-29T05:13:53Z,180,duration,sci,S1BS,Mars
,,0,2020-06-01T00:00:00Z,2020-11-27T12:00:00Z,2020-06-29T13:53:31Z,3249,duration,sci,S1BS,Mars
,,0,2020-06-01T00:00:00Z,2020-11-27T12:00:00Z,2020-06-30T00:53:12Z,164,duration,sci,S1BS,Mars
,,0,2020-06-01T00:00:00Z,2020-11-27T12:00:00Z,2020-06-30T04:49:17Z,149,duration,sci,S1BS,Mars
,,0,2020-06-01T00:00:00Z,2020-11-27T12:00:00Z,2020-06-30T08:45:04Z,154,duration,sci,S1BS,Mars
,,0,2020-06-01T00:00:00Z,2020-11-27T12:00:00Z,2020-06-30T22:30:45Z,131,duration,sci,S1BS,Mars
,,0,2020-06-01T00:00:00Z,2020-11-27T12:00:00Z,2020-07-01T02:26:43Z,116,duration,sci,S1BS,Mars
,,0,2020-06-01T00:00:00Z,2020-11-27T12:00:00Z,2020-07-01T06:22:43Z,107,duration,sci,S1BS,Mars
,,0,2020-06-01T00:00:00Z,2020-11-27T12:00:00Z,2020-07-01T10:18:28Z,113,duration,sci,S1BS,Mars
,,0,2020-06-01T00:00:00Z,2020-11-27T12:00:00Z,2020-07-01T21:02:42Z,75,duration,sci,S1BS,Mars
,,0,2020-06-01T00:00:00Z,2020-11-27T12:00:00Z,2020-07-02T00:58:24Z,81,duration,sci,S1BS,Mars
,,0,2020-06-01T00:00:00Z,2020-11-27T12:00:00Z,2020-07-02T02:02:25Z,49,duration,sci,S1BS,Mars
,,0,2020-06-01T00:00:00Z,2020-11-27T12:00:00Z,2020-07-02T12:45:49Z,101,duration,sci,S1BS,Mars
,,0,2020-06-01T00:00:00Z,2020-11-27T12:00:00Z,2020-07-02T13:20:26Z,1543,duration,sci,S1BS,Mars
,,0,2020-06-01T00:00:00Z,2020-11-27T12:00:00Z,2020-07-02T14:35:08Z,2137,duration,sci,S1BS,Mars
,,0,2020-06-01T00:00:00Z,2020-11-27T12:00:00Z,2020-07-02T22:35:19Z,127,duration,sci,S1BS,Mars
,,0,2020-06-01T00:00:00Z,2020-11-27T12:00:00Z,2020-07-03T02:31:04Z,125,duration,sci,S1BS,Mars
,,0,2020-06-01T00:00:00Z,2020-11-27T12:00:00Z,2020-07-03T18:14:24Z,132,duration,sci,S1BS,Mars
,,0,2020-06-01T00:00:00Z,2020-11-27T12:00:00Z,2020-07-03T22:10:10Z,152,duration,sci,S1BS,Mars
,,0,2020-06-01T00:00:00Z,2020-11-27T12:00:00Z,2020-07-04T02:05:54Z,150,duration,sci,S1BS,Mars
,,0,2020-06-01T00:00:00Z,2020-11-27T12:00:00Z,2020-07-04T06:01:47Z,189,duration,sci,S1BS,Mars
,,0,2020-06-01T00:00:00Z,2020-11-27T12:00:00Z,2020-07-04T17:49:14Z,195,duration,sci,S1BS,Mars
,,0,2020-06-01T00:00:00Z,2020-11-27T12:00:00Z,2020-07-04T23:42:54Z,217,duration,sci,S1BS,Mars
,,0,2020-06-01T00:00:00Z,2020-11-27T12:00:00Z,2020-07-05T03:38:38Z,214,duration,sci,S1BS,Mars
,,0,2020-06-01T00:00:00Z,2020-11-27T12:00:00Z,2020-07-06T03:13:27Z,233,duration,sci,S1BS,Mars
,,0,2020-06-01T00:00:00Z,2020-11-27T12:00:00Z,2020-07-06T07:09:21Z,235,duration,sci,S1BS,Mars
,,0,2020-06-01T00:00:00Z,2020-11-27T12:00:00Z,2020-07-06T11:05:12Z,235,duration,sci,S1BS,Mars
,,0,2020-06-01T00:00:00Z,2020-11-27T12:00:00Z,2020-07-06T15:00:54Z,244,duration,sci,S1BS,Mars
,,0,2020-06-01T00:00:00Z,2020-11-27T12:00:00Z,2020-07-06T18:57:38Z,32,duration,sci,S1BS,Mars
,,0,2020-06-01T00:00:00Z,2020-11-27T12:00:00Z,2020-07-06T22:53:04Z,88,duration,sci,S1BS,Mars
,,0,2020-06-01T00:00:00Z,2020-11-27T12:00:00Z,2020-07-07T02:48:16Z,252,duration,sci,S1BS,Mars
,,0,2020-06-01T00:00:00Z,2020-11-27T12:00:00Z,2020-07-07T06:44:07Z,250,duration,sci,S1BS,Mars
,,0,2020-06-01T00:00:00Z,2020-11-27T12:00:00Z,2020-07-09T11:36:48Z,3485,duration,sci,S1BS,Mars
,,0,2020-06-01T00:00:00Z,2020-11-27T12:00:00Z,2020-07-12T06:56:52Z,3156,duration,sci,S1BS,Mars
,,0,2020-06-01T00:00:00Z,2020-11-27T12:00:00Z,2020-07-14T13:28:51Z,3390,duration,sci,S1BS,Mars
,,0,2020-06-01T00:00:00Z,2020-11-27T12:00:00Z,2020-07-16T14:17:48Z,520,duration,sci,S1BS,Mars
,,0,2020-06-01T00:00:00Z,2020-11-27T12:00:00Z,2020-07-16T15:07:07Z,3092,duration,sci,S1BS,Mars
,,0,2020-06-01T00:00:00Z,2020-11-27T12:00:00Z,2020-07-24T12:55:11Z,1650,duration,sci,S1BS,Mars
,,0,2020-06-01T00:00:00Z,2020-11-27T12:00:00Z,2020-07-24T14:08:59Z,1353,duration,sci,S1BS,Mars
,,0,2020-06-01T00:00:00Z,2020-11-27T12:00:00Z,2020-07-25T12:35:00Z,1382,duration,sci,S1BS,Mars
,,0,2020-06-01T00:00:00Z,2020-11-27T12:00:00Z,2020-07-27T15:38:57Z,1386,duration,sci,S1BS,Mars
,,0,2020-06-01T00:00:00Z,2020-11-27T12:00:00Z,2020-07-29T14:28:52Z,1359,duration,sci,S1BS,Mars
,,0,2020-06-01T00:00:00Z,2020-11-27T12:00:00Z,2020-08-03T13:58:02Z,1623,duration,sci,S1BS,Mars
,,0,2020-06-01T00:00:00Z,2020-11-27T12:00:00Z,2020-08-03T15:11:13Z,1375,duration,sci,S1BS,Mars
,,0,2020-06-01T00:00:00Z,2020-11-27T12:00:00Z,2020-08-04T13:32:28Z,1602,duration,sci,S1BS,Mars
,,0,2020-06-01T00:00:00Z,2020-11-27T12:00:00Z,2020-08-04T14:45:16Z,1373,duration,sci,S1BS,Mars
,,0,2020-06-01T00:00:00Z,2020-11-27T12:00:00Z,2020-08-07T13:47:58Z,40,duration,sci,S1BS,Mars
,,0,2020-06-01T00:00:00Z,2020-11-27T12:00:00Z,2020-08-07T15:45:55Z,22,duration,sci,S1BS,Mars
,,0,2020-06-01T00:00:00Z,2020-11-27T12:00:00Z,2020-08-07T17:43:46Z,15,duration,sci,S1BS,Mars
,,0,2020-06-01T00:00:00Z,2020-11-27T12:00:00Z,2020-08-07T23:36:47Z,67,duration,sci,S1BS,Mars
,,0,2020-06-01T00:00:00Z,2020-11-27T12:00:00Z,2020-08-08T01:34:28Z,82,duration,sci,S1BS,Mars
,,0,2020-06-01T00:00:00Z,2020-11-27T12:00:00Z,2020-08-08T03:32:10Z,87,duration,sci,S1BS,Mars
,,0,2020-06-01T00:00:00Z,2020-11-27T12:00:00Z,2020-08-08T05:29:56Z,88,duration,sci,S1BS,Mars
,,0,2020-06-01T00:00:00Z,2020-11-27T12:00:00Z,2020-08-08T07:27:56Z,76,duration,sci,S1BS,Mars
,,0,2020-06-01T00:00:00Z,2020-11-27T12:00:00Z,2020-08-08T09:25:51Z,71,duration,sci,S1BS,Mars
,,0,2020-06-01T00:00:00Z,2020-11-27T12:00:00Z,2020-08-08T11:23:33Z,85,duration,sci,S1BS,Mars
,,0,2020-06-01T00:00:00Z,2020-11-27T12:00:00Z,2020-08-08T15:19:02Z,98,duration,sci,S1BS,Mars
,,0,2020-06-01T00:00:00Z,2020-11-27T12:00:00Z,2020-08-08T17:16:52Z,95,duration,sci,S1BS,Mars
,,0,2020-06-01T00:00:00Z,2020-11-27T12:00:00Z,2020-08-08T19:14:46Z,88,duration,sci,S1BS,Mars
,,0,2020-06-01T00:00:00Z,2020-11-27T12:00:00Z,2020-08-08T21:12:30Z,100,duration,sci,S1BS,Mars
,,0,2020-06-01T00:00:00Z,2020-11-27T12:00:00Z,2020-08-09T03:05:49Z,121,duration,sci,S1BS,Mars
,,0,2020-06-01T00:00:00Z,2020-11-27T12:00:00Z,2020-08-09T05:03:37Z,121,duration,sci,S1BS,Mars
,,0,2020-06-01T00:00:00Z,2020-11-27T12:00:00Z,2020-08-09T07:01:30Z,118,duration,sci,S1BS,Mars
,,0,2020-06-01T00:00:00Z,2020-11-27T12:00:00Z,2020-08-09T08:59:30Z,109,duration,sci,S1BS,Mars
,,0,2020-06-01T00:00:00Z,2020-11-27T12:00:00Z,2020-08-09T10:57:18Z,116,duration,sci,S1BS,Mars
,,0,2020-06-01T00:00:00Z,2020-11-27T12:00:00Z,2020-08-09T16:50:37Z,130,duration,sci,S1BS,Mars
,,0,2020-06-01T00:00:00Z,2020-11-27T12:00:00Z,2020-08-09T18:48:32Z,122,duration,sci,S1BS,Mars
,,0,2020-06-01T00:00:00Z,2020-11-27T12:00:00Z,2020-08-09T20:46:17Z,131,duration,sci,S1BS,Mars
,,0,2020-06-01T00:00:00Z,2020-11-27T12:00:00Z,2020-08-10T00:41:57Z,142,duration,sci,S1BS,Mars
,,0,2020-06-01T00:00:00Z,2020-11-27T12:00:00Z,2020-08-10T04:37:28Z,154,duration,sci,S1BS,Mars
,,0,2020-06-01T00:00:00Z,2020-11-27T12:00:00Z,2020-08-10T06:35:21Z,149,duration,sci,S1BS,Mars
,,0,2020-06-01T00:00:00Z,2020-11-27T12:00:00Z,2020-08-10T08:33:22Z,138,duration,sci,S1BS,Mars
,,0,2020-06-01T00:00:00Z,2020-11-27T12:00:00Z,2020-08-10T10:31:15Z,140,duration,sci,S1BS,Mars
,,0,2020-06-01T00:00:00Z,2020-11-27T12:00:00Z,2020-08-10T12:29:04Z,144,duration,sci,S1BS,Mars
,,0,2020-06-01T00:00:00Z,2020-11-27T12:00:00Z,2020-08-10T16:24:37Z,155,duration,sci,S1BS,Mars
,,0,2020-06-01T00:00:00Z,2020-11-27T12:00:00Z,2020-08-10T18:22:33Z,147,duration,sci,S1BS,Mars
,,0,2020-06-01T00:00:00Z,2020-11-27T12:00:00Z,2020-08-10T20:20:22Z,151,duration,sci,S1BS,Mars
,,0,2020-06-01T00:00:00Z,2020-11-27T12:00:00Z,2020-08-10T22:18:12Z,156,duration,sci,S1BS,Mars
,,0,2020-06-01T00:00:00Z,2020-11-27T12:00:00Z,2020-08-11T04:11:41Z,170,duration,sci,S1BS,Mars
,,0,2020-06-01T00:00:00Z,2020-11-27T12:00:00Z,2020-08-11T06:09:28Z,173,duration,sci,S1BS,Mars
,,0,2020-06-01T00:00:00Z,2020-11-27T12:00:00Z,2020-08-11T08:07:29Z,161,duration,sci,S1BS,Mars
,,0,2020-06-01T00:00:00Z,2020-11-27T12:00:00Z,2020-08-11T10:05:22Z,163,duration,sci,S1BS,Mars
,,0,2020-06-01T00:00:00Z,2020-11-27T12:00:00Z,2020-08-11T12:03:16Z,163,duration,sci,S1BS,Mars
,,0,2020-06-01T00:00:00Z,2020-11-27T12:00:00Z,2020-08-11T14:44:23Z,3374,duration,sci,S1BS,Mars
,,0,2020-06-01T00:00:00Z,2020-11-27T12:00:00Z,2020-08-11T17:56:43Z,173,duration,sci,S1BS,Mars
,,0,2020-06-01T00:00:00Z,2020-11-27T12:00:00Z,2020-08-11T19:54:36Z,170,duration,sci,S1BS,Mars
,,0,2020-06-01T00:00:00Z,2020-11-27T12:00:00Z,2020-08-11T21:52:27Z,172,duration,sci,S1BS,Mars
,,0,2020-06-01T00:00:00Z,2020-11-27T12:00:00Z,2020-08-12T01:48:08Z,185,duration,sci,S1BS,Mars
,,0,2020-06-01T00:00:00Z,2020-11-27T12:00:00Z,2020-08-12T05:43:47Z,187,duration,sci,S1BS,Mars
,,0,2020-06-01T00:00:00Z,2020-11-27T12:00:00Z,2020-08-12T07:41:39Z,186,duration,sci,S1BS,Mars
,,0,2020-06-01T00:00:00Z,2020-11-27T12:00:00Z,2020-08-12T09:39:39Z,179,duration,sci,S1BS,Mars
,,0,2020-06-01T00:00:00Z,2020-11-27T12:00:00Z,2020-08-12T11:37:37Z,175,duration,sci,S1BS,Mars
,,0,2020-06-01T00:00:00Z,2020-11-27T12:00:00Z,2020-08-12T13:35:23Z,186,duration,sci,S1BS,Mars
,,0,2020-06-01T00:00:00Z,2020-11-27T12:00:00Z,2020-08-12T17:31:02Z,190,duration,sci,S1BS,Mars
,,0,2020-06-01T00:00:00Z,2020-11-27T12:00:00Z,2020-08-12T19:28:55Z,187,duration,sci,S1BS,Mars
,,0,2020-06-01T00:00:00Z,2020-11-27T12:00:00Z,2020-08-12T21:26:49Z,186,duration,sci,S1BS,Mars
,,0,2020-06-01T00:00:00Z,2020-11-27T12:00:00Z,2020-08-12T23:24:42Z,189,duration,sci,S1BS,Mars
,,0,2020-06-01T00:00:00Z,2020-11-27T12:00:00Z,2020-08-13T05:18:14Z,202,duration,sci,S1BS,Mars
,,0,2020-06-01T00:00:00Z,2020-11-27T12:00:00Z,2020-08-13T07:16:05Z,200,duration,sci,S1BS,Mars
,,0,2020-06-01T00:00:00Z,2020-11-27T12:00:00Z,2020-08-13T09:14:01Z,197,duration,sci,S1BS,Mars
,,0,2020-06-01T00:00:00Z,2020-11-27T12:00:00Z,2020-08-13T11:11:59Z,192,duration,sci,S1BS,Mars
,,0,2020-06-01T00:00:00Z,2020-11-27T12:00:00Z,2020-08-13T13:36:56Z,147,duration,sci,S1BS,Mars
,,0,2020-06-01T00:00:00Z,2020-11-27T12:00:00Z,2020-08-13T14:23:35Z,3120,duration,sci,S1BS,Mars
,,0,2020-06-01T00:00:00Z,2020-11-27T12:00:00Z,2020-08-13T17:05:26Z,209,duration,sci,S1BS,Mars
,,0,2020-06-01T00:00:00Z,2020-11-27T12:00:00Z,2020-08-13T19:03:20Z,204,duration,sci,S1BS,Mars
,,0,2020-06-01T00:00:00Z,2020-11-27T12:00:00Z,2020-08-13T21:01:17Z,197,duration,sci,S1BS,Mars
,,0,2020-06-01T00:00:00Z,2020-11-27T12:00:00Z,2020-08-13T22:59:08Z,203,duration,sci,S1BS,Mars
,,0,2020-06-01T00:00:00Z,2020-11-27T12:00:00Z,2020-08-14T02:54:55Z,209,duration,sci,S1BS,Mars
,,0,2020-06-01T00:00:00Z,2020-11-27T12:00:00Z,2020-08-14T04:52:44Z,214,duration,sci,S1BS,Mars
,,0,2020-06-01T00:00:00Z,2020-11-27T12:00:00Z,2020-08-14T06:50:35Z,212,duration,sci,S1BS,Mars
,,0,2020-06-01T00:00:00Z,2020-11-27T12:00:00Z,2020-08-14T08:48:30Z,209,duration,sci,S1BS,Mars
,,0,2020-06-01T00:00:00Z,2020-11-27T12:00:00Z,2020-08-14T10:46:30Z,204,duration,sci,S1BS,Mars
,,0,2020-06-01T00:00:00Z,2020-11-27T12:00:00Z,2020-08-14T12:44:26Z,202,duration,sci,S1BS,Mars
,,0,2020-06-01T00:00:00Z,2020-11-27T12:00:00Z,2020-08-14T14:42:12Z,213,duration,sci,S1BS,Mars
,,0,2020-06-01T00:00:00Z,2020-11-27T12:00:00Z,2020-08-14T16:40:03Z,215,duration,sci,S1BS,Mars
,,0,2020-06-01T00:00:00Z,2020-11-27T12:00:00Z,2020-08-14T18:37:55Z,215,duration,sci,S1BS,Mars
,,0,2020-06-01T00:00:00Z,2020-11-27T12:00:00Z,2020-08-14T20:35:48Z,212,duration,sci,S1BS,Mars
,,0,2020-06-01T00:00:00Z,2020-11-27T12:00:00Z,2020-08-14T22:33:44Z,210,duration,sci,S1BS,Mars
,,0,2020-06-01T00:00:00Z,2020-11-27T12:00:00Z,2020-08-15T02:29:31Z,219,duration,sci,S1BS,Mars
,,0,2020-06-01T00:00:00Z,2020-11-27T12:00:00Z,2020-08-15T04:27:22Z,222,duration,sci,S1BS,Mars
,,0,2020-06-01T00:00:00Z,2020-11-27T12:00:00Z,2020-08-15T06:25:10Z,226,duration,sci,S1BS,Mars
,,0,2020-06-01T00:00:00Z,2020-11-27T12:00:00Z,2020-08-15T08:23:01Z,225,duration,sci,S1BS,Mars
,,0,2020-06-01T00:00:00Z,2020-11-27T12:00:00Z,2020-08-15T10:21:03Z,216,duration,sci,S1BS,Mars
,,0,2020-06-01T00:00:00Z,2020-11-27T12:00:00Z,2020-08-15T12:19:00Z,215,duration,sci,S1BS,Mars
,,0,2020-06-01T00:00:00Z,2020-11-27T12:00:00Z,2020-08-15T14:16:51Z,219,duration,sci,S1BS,Mars
,,0,2020-06-01T00:00:00Z,2020-11-27T12:00:00Z,2020-08-15T16:14:42Z,224,duration,sci,S1BS,Mars
,,0,2020-06-01T00:00:00Z,2020-11-27T12:00:00Z,2020-08-15T18:12:32Z,226,duration,sci,S1BS,Mars
,,0,2020-06-01T00:00:00Z,2020-11-27T12:00:00Z,2020-08-15T20:10:26Z,222,duration,sci,S1BS,Mars
,,0,2020-06-01T00:00:00Z,2020-11-27T12:00:00Z,2020-08-15T22:08:21Z,220,duration,sci,S1BS,Mars
,,0,2020-06-01T00:00:00Z,2020-11-27T12:00:00Z,2020-08-16T00:06:16Z,221,duration,sci,S1BS,Mars
,,0,2020-06-01T00:00:00Z,2020-11-27T12:00:00Z,2020-08-16T04:02:05Z,228,duration,sci,S1BS,Mars
,,0,2020-06-01T00:00:00Z,2020-11-27T12:00:00Z,2020-08-16T05:59:55Z,230,duration,sci,S1BS,Mars
,,0,2020-06-01T00:00:00Z,2020-11-27T12:00:00Z,2020-08-16T07:57:43Z,234,duration,sci,S1BS,Mars
,,0,2020-06-01T00:00:00Z,2020-11-27T12:00:00Z,2020-08-16T09:55:43Z,225,duration,sci,S1BS,Mars
,,0,2020-06-01T00:00:00Z,2020-11-27T12:00:00Z,2020-08-16T11:53:41Z,223,duration,sci,S1BS,Mars
,,0,2020-06-01T00:00:00Z,2020-11-27T12:00:00Z,2020-08-16T19:45:10Z,230,duration,sci,S1BS,Mars
,,0,2020-06-01T00:00:00Z,2020-11-27T12:00:00Z,2020-08-16T23:40:58Z,230,duration,sci,S1BS,Mars
,,0,2020-06-01T00:00:00Z,2020-11-27T12:00:00Z,2020-08-17T03:36:47Z,237,duration,sci,S1BS,Mars
,,0,2020-06-01T00:00:00Z,2020-11-27T12:00:00Z,2020-08-17T07:32:26Z,244,duration,sci,S1BS,Mars
,,0,2020-06-01T00:00:00Z,2020-11-27T12:00:00Z,2020-08-17T11:28:23Z,232,duration,sci,S1BS,Mars
,,0,2020-06-01T00:00:00Z,2020-11-27T12:00:00Z,2020-08-17T15:24:14Z,233,duration,sci,S1BS,Mars
,,0,2020-06-01T00:00:00Z,2020-11-27T12:00:00Z,2020-08-17T19:19:55Z,240,duration,sci,S1BS,Mars
,,0,2020-06-01T00:00:00Z,2020-11-27T12:00:00Z,2020-08-17T23:15:47Z,232,duration,sci,S1BS,Mars
,,0,2020-06-01T00:00:00Z,2020-11-27T12:00:00Z,2020-08-18T05:09:31Z,242,duration,sci,S1BS,Mars
,,0,2020-06-01T00:00:00Z,2020-11-27T12:00:00Z,2020-08-18T09:05:11Z,247,duration,sci,S1BS,Mars
,,0,2020-06-01T00:00:00Z,2020-11-27T12:00:00Z,2020-08-18T13:01:09Z,238,duration,sci,S1BS,Mars
,,0,2020-06-01T00:00:00Z,2020-11-27T12:00:00Z,2020-08-18T16:56:55Z,245,duration,sci,S1BS,Mars
,,0,2020-06-01T00:00:00Z,2020-11-27T12:00:00Z,2020-08-18T20:52:41Z,242,duration,sci,S1BS,Mars
,,0,2020-06-01T00:00:00Z,2020-11-27T12:00:00Z,2020-08-19T00:48:28Z,245,duration,sci,S1BS,Mars
,,0,2020-06-01T00:00:00Z,2020-11-27T12:00:00Z,2020-08-19T04:44:22Z,247,duration,sci,S1BS,Mars
,,0,2020-06-01T00:00:00Z,2020-11-27T12:00:00Z,2020-08-19T08:40:01Z,254,duration,sci,S1BS,Mars
,,0,2020-06-01T00:00:00Z,2020-11-27T12:00:00Z,2020-08-19T12:35:59Z,243,duration,sci,S1BS,Mars
,,0,2020-06-01T00:00:00Z,2020-11-27T12:00:00Z,2020-08-19T16:31:48Z,246,duration,sci,S1BS,Mars
,,0,2020-06-01T00:00:00Z,2020-11-27T12:00:00Z,2020-08-19T20:27:33Z,249,duration,sci,S1BS,Mars
,,0,2020-06-01T00:00:00Z,2020-11-27T12:00:00Z,2020-08-19T23:49:39Z,1345,duration,sci,S1BS,Mars
,,0,2020-06-01T00:00:00Z,2020-11-27T12:00:00Z,2020-08-20T18:05:35Z,80,duration,sci,S1BS,Mars
,,0,2020-06-01T00:00:00Z,2020-11-27T12:00:00Z,2020-08-20T22:01:22Z,78,duration,sci,S1BS,Mars
,,0,2020-06-01T00:00:00Z,2020-11-27T12:00:00Z,2020-08-21T01:57:03Z,96,duration,sci,S1BS,Mars
,,0,2020-06-01T00:00:00Z,2020-11-27T12:00:00Z,2020-08-21T05:52:35Z,135,duration,sci,S1BS,Mars
,,0,2020-06-01T00:00:00Z,2020-11-27T12:00:00Z,2020-08-21T09:48:09Z,154,duration,sci,S1BS,Mars
,,0,2020-06-01T00:00:00Z,2020-11-27T12:00:00Z,2020-08-21T13:44:09Z,144,duration,sci,S1BS,Mars
,,0,2020-06-01T00:00:00Z,2020-11-27T12:00:00Z,2020-08-21T17:39:52Z,159,duration,sci,S1BS,Mars
,,0,2020-06-01T00:00:00Z,2020-11-27T12:00:00Z,2020-08-21T21:35:29Z,173,duration,sci,S1BS,Mars
,,0,2020-06-01T00:00:00Z,2020-11-27T12:00:00Z,2020-08-22T01:31:19Z,175,duration,sci,S1BS,Mars
,,0,2020-06-01T00:00:00Z,2020-11-27T12:00:00Z,2020-08-22T07:24:54Z,201,duration,sci,S1BS,Mars
,,0,2020-06-01T00:00:00Z,2020-11-27T12:00:00Z,2020-08-22T12:36:28Z,3247,duration,sci,S1BS,Mars
,,0,2020-06-01T00:00:00Z,2020-11-27T12:00:00Z,2020-08-22T15:16:29Z,208,duration,sci,S1BS,Mars
,,0,2020-06-01T00:00:00Z,2020-11-27T12:00:00Z,2020-08-22T19:12:12Z,222,duration,sci,S1BS,Mars
,,0,2020-06-01T00:00:00Z,2020-11-27T12:00:00Z,2020-08-22T23:07:55Z,226,duration,sci,S1BS,Mars
,,0,2020-06-01T00:00:00Z,2020-11-27T12:00:00Z,2020-08-23T03:03:48Z,227,duration,sci,S1BS,Mars
,,0,2020-06-01T00:00:00Z,2020-11-27T12:00:00Z,2020-08-23T06:59:38Z,237,duration,sci,S1BS,Mars
,,0,2020-06-01T00:00:00Z,2020-11-27T12:00:00Z,2020-08-23T10:55:46Z,219,duration,sci,S1BS,Mars
,,0,2020-06-01T00:00:00Z,2020-11-27T12:00:00Z,2020-08-23T18:47:31Z,224,duration,sci,S1BS,Mars
,,0,2020-06-01T00:00:00Z,2020-11-27T12:00:00Z,2020-08-23T22:43:14Z,231,duration,sci,S1BS,Mars
,,0,2020-06-01T00:00:00Z,2020-11-27T12:00:00Z,2020-08-24T02:39:05Z,231,duration,sci,S1BS,Mars
,,0,2020-06-01T00:00:00Z,2020-11-27T12:00:00Z,2020-08-24T06:34:57Z,239,duration,sci,S1BS,Mars
,,0,2020-06-01T00:00:00Z,2020-11-27T12:00:00Z,2020-08-24T10:30:37Z,249,duration,sci,S1BS,Mars
,,0,2020-06-01T00:00:00Z,2020-11-27T12:00:00Z,2020-08-24T14:26:32Z,246,duration,sci,S1BS,Mars
,,0,2020-06-01T00:00:00Z,2020-11-27T12:00:00Z,2020-08-24T18:22:23Z,252,duration,sci,S1BS,Mars
,,0,2020-06-01T00:00:00Z,2020-11-27T12:00:00Z,2020-08-24T22:18:06Z,261,duration,sci,S1BS,Mars
,,0,2020-06-01T00:00:00Z,2020-11-27T12:00:00Z,2020-08-25T02:13:58Z,258,duration,sci,S1BS,Mars
,,0,2020-06-01T00:00:00Z,2020-11-27T12:00:00Z,2020-08-25T08:07:47Z,267,duration,sci,S1BS,Mars
,,0,2020-06-01T00:00:00Z,2020-11-27T12:00:00Z,2020-08-25T12:03:29Z,274,duration,sci,S1BS,Mars
,,0,2020-06-01T00:00:00Z,2020-11-27T12:00:00Z,2020-08-25T15:59:27Z,271,duration,sci,S1BS,Mars
,,0,2020-06-01T00:00:00Z,2020-11-27T12:00:00Z,2020-08-25T19:55:15Z,279,duration,sci,S1BS,Mars
,,0,2020-06-01T00:00:00Z,2020-11-27T12:00:00Z,2020-08-25T23:50:59Z,284,duration,sci,S1BS,Mars
,,0,2020-06-01T00:00:00Z,2020-11-27T12:00:00Z,2020-08-26T03:46:52Z,284,duration,sci,S1BS,Mars
,,0,2020-06-01T00:00:00Z,2020-11-27T12:00:00Z,2020-08-26T07:42:45Z,291,duration,sci,S1BS,Mars
,,0,2020-06-01T00:00:00Z,2020-11-27T12:00:00Z,2020-08-26T11:38:27Z,298,duration,sci,S1BS,Mars
,,0,2020-06-01T00:00:00Z,2020-11-27T12:00:00Z,2020-08-26T15:34:26Z,292,duration,sci,S1BS,Mars
,,0,2020-06-01T00:00:00Z,2020-11-27T12:00:00Z,2020-08-26T19:30:16Z,299,duration,sci,S1BS,Mars
,,0,2020-06-01T00:00:00Z,2020-11-27T12:00:00Z,2020-08-26T23:26:00Z,305,duration,sci,S1BS,Mars
,,0,2020-06-01T00:00:00Z,2020-11-27T12:00:00Z,2020-08-27T00:53:22Z,2650,duration,sci,S1BS,Mars
,,0,2020-06-01T00:00:00Z,2020-11-27T12:00:00Z,2020-08-27T05:19:50Z,307,duration,sci,S1BS,Mars
,,0,2020-06-01T00:00:00Z,2020-11-27T12:00:00Z,2020-08-27T09:15:44Z,310,duration,sci,S1BS,Mars
,,0,2020-06-01T00:00:00Z,2020-11-27T12:00:00Z,2020-08-27T13:11:26Z,316,duration,sci,S1BS,Mars
,,0,2020-06-01T00:00:00Z,2020-11-27T12:00:00Z,2020-08-27T17:07:27Z,311,duration,sci,S1BS,Mars
,,0,2020-06-01T00:00:00Z,2020-11-27T12:00:00Z,2020-08-27T21:03:15Z,319,duration,sci,S1BS,Mars
,,0,2020-06-01T00:00:00Z,2020-11-27T12:00:00Z,2020-08-28T00:59:01Z,321,duration,sci,S1BS,Mars
,,0,2020-06-01T00:00:00Z,2020-11-27T12:00:00Z,2020-08-28T04:54:56Z,321,duration,sci,S1BS,Mars
,,0,2020-06-01T00:00:00Z,2020-11-27T12:00:00Z,2020-08-28T08:50:48Z,328,duration,sci,S1BS,Mars
,,0,2020-06-01T00:00:00Z,2020-11-27T12:00:00Z,2020-08-28T13:37:06Z,3265,duration,sci,S1BS,Mars
,,0,2020-06-01T00:00:00Z,2020-11-27T12:00:00Z,2020-08-28T16:42:34Z,324,duration,sci,S1BS,Mars
,,0,2020-06-01T00:00:00Z,2020-11-27T12:00:00Z,2020-08-28T20:38:23Z,333,duration,sci,S1BS,Mars
,,0,2020-06-01T00:00:00Z,2020-11-27T12:00:00Z,2020-08-29T00:34:09Z,337,duration,sci,S1BS,Mars
,,0,2020-06-01T00:00:00Z,2020-11-27T12:00:00Z,2020-08-29T04:30:04Z,335,duration,sci,S1BS,Mars
,,0,2020-06-01T00:00:00Z,2020-11-27T12:00:00Z,2020-08-29T10:23:54Z,343,duration,sci,S1BS,Mars
,,0,2020-06-01T00:00:00Z,2020-11-27T12:00:00Z,2020-08-29T14:19:37Z,347,duration,sci,S1BS,Mars
,,0,2020-06-01T00:00:00Z,2020-11-27T12:00:00Z,2020-08-29T18:15:39Z,342,duration,sci,S1BS,Mars
,,0,2020-06-01T00:00:00Z,2020-11-27T12:00:00Z,2020-08-29T22:11:28Z,349,duration,sci,S1BS,Mars
,,0,2020-06-01T00:00:00Z,2020-11-27T12:00:00Z,2020-08-30T02:06:37Z,389,duration,sci,S1BS,Mars
,,0,2020-06-01T00:00:00Z,2020-11-27T12:00:00Z,2020-08-30T06:02:34Z,388,duration,sci,S1BS,Mars
,,0,2020-06-01T00:00:00Z,2020-11-27T12:00:00Z,2020-08-30T09:58:27Z,394,duration,sci,S1BS,Mars
,,0,2020-06-01T00:00:00Z,2020-11-27T12:00:00Z,2020-08-30T19:48:12Z,394,duration,sci,S1BS,Mars
,,0,2020-06-01T00:00:00Z,2020-11-27T12:00:00Z,2020-08-30T23:43:59Z,401,duration,sci,S1BS,Mars
,,0,2020-06-01T00:00:00Z,2020-11-27T12:00:00Z,2020-08-31T03:39:50Z,399,duration,sci,S1BS,Mars
,,0,2020-06-01T00:00:00Z,2020-11-27T12:00:00Z,2020-08-31T09:33:43Z,407,duration,sci,S1BS,Mars
,,0,2020-06-01T00:00:00Z,2020-11-27T12:00:00Z,2020-08-31T13:29:28Z,412,duration,sci,S1BS,Mars
,,0,2020-06-01T00:00:00Z,2020-11-27T12:00:00Z,2020-08-31T17:25:27Z,407,duration,sci,S1BS,Mars
,,0,2020-06-01T00:00:00Z,2020-11-27T12:00:00Z,2020-08-31T21:21:23Z,409,duration,sci,S1BS,Mars
,,0,2020-06-01T00:00:00Z,2020-11-27T12:00:00Z,2020-09-01T01:17:12Z,412,duration,sci,S1BS,Mars
,,0,2020-06-01T00:00:00Z,2020-11-27T12:00:00Z,2020-09-01T05:13:06Z,411,duration,sci,S1BS,Mars
,,0,2020-06-01T00:00:00Z,2020-11-27T12:00:00Z,2020-09-01T11:06:59Z,419,duration,sci,S1BS,Mars
,,0,2020-06-01T00:00:00Z,2020-11-27T12:00:00Z,2020-09-01T14:23:07Z,3380,duration,sci,S1BS,Mars
,,0,2020-06-01T00:00:00Z,2020-11-27T12:00:00Z,2020-09-01T18:58:49Z,416,duration,sci,S1BS,Mars
,,0,2020-06-01T00:00:00Z,2020-11-27T12:00:00Z,2020-09-01T22:54:41Z,422,duration,sci,S1BS,Mars
,,0,2020-06-01T00:00:00Z,2020-11-27T12:00:00Z,2020-09-02T02:50:31Z,422,duration,sci,S1BS,Mars
,,0,2020-06-01T00:00:00Z,2020-11-27T12:00:00Z,2020-09-02T06:46:26Z,423,duration,sci,S1BS,Mars
,,0,2020-06-01T00:00:00Z,2020-11-27T12:00:00Z,2020-09-02T10:42:22Z,429,duration,sci,S1BS,Mars
,,0,2020-06-01T00:00:00Z,2020-11-27T12:00:00Z,2020-09-02T14:38:10Z,432,duration,sci,S1BS,Mars
,,0,2020-06-01T00:00:00Z,2020-11-27T12:00:00Z,2020-09-02T18:36:17Z,239,duration,sci,S1BS,Mars
,,0,2020-06-01T00:00:00Z,2020-11-27T12:00:00Z,2020-09-02T22:32:12Z,242,duration,sci,S1BS,Mars
,,0,2020-06-01T00:00:00Z,2020-11-27T12:00:00Z,2020-09-03T02:28:03Z,241,duration,sci,S1BS,Mars
,,0,2020-06-01T00:00:00Z,2020-11-27T12:00:00Z,2020-09-03T06:24:04Z,233,duration,sci,S1BS,Mars
,,0,2020-06-01T00:00:00Z,2020-11-27T12:00:00Z,2020-09-03T13:22:42Z,3110,duration,sci,S1BS,Mars
,,0,2020-06-01T00:00:00Z,2020-11-27T12:00:00Z,2020-09-03T14:25:32Z,858,duration,sci,S1BS,Mars
,,0,2020-06-01T00:00:00Z,2020-11-27T12:00:00Z,2020-09-03T16:13:46Z,242,duration,sci,S1BS,Mars
,,0,2020-06-01T00:00:00Z,2020-11-27T12:00:00Z,2020-09-03T20:09:51Z,234,duration,sci,S1BS,Mars
,,0,2020-06-01T00:00:00Z,2020-11-27T12:00:00Z,2020-09-04T00:05:45Z,237,duration,sci,S1BS,Mars
,,0,2020-06-01T00:00:00Z,2020-11-27T12:00:00Z,2020-09-04T04:01:37Z,234,duration,sci,S1BS,Mars
,,0,2020-06-01T00:00:00Z,2020-11-27T12:00:00Z,2020-09-04T07:57:36Z,232,duration,sci,S1BS,Mars
,,0,2020-06-01T00:00:00Z,2020-11-27T12:00:00Z,2020-09-04T11:53:34Z,235,duration,sci,S1BS,Mars
,,0,2020-06-01T00:00:00Z,2020-11-27T12:00:00Z,2020-09-04T15:49:21Z,238,duration,sci,S1BS,Mars
,,0,2020-06-01T00:00:00Z,2020-11-27T12:00:00Z,2020-09-04T19:45:26Z,229,duration,sci,S1BS,Mars
,,0,2020-06-01T00:00:00Z,2020-11-27T12:00:00Z,2020-09-04T23:41:24Z,230,duration,sci,S1BS,Mars
,,0,2020-06-01T00:00:00Z,2020-11-27T12:00:00Z,2020-09-05T03:37:16Z,229,duration,sci,S1BS,Mars
,,0,2020-06-01T00:00:00Z,2020-11-27T12:00:00Z,2020-09-05T07:33:16Z,223,duration,sci,S1BS,Mars
,,0,2020-06-01T00:00:00Z,2020-11-27T12:00:00Z,2020-09-05T11:29:14Z,228,duration,sci,S1BS,Mars
,,0,2020-06-01T00:00:00Z,2020-11-27T12:00:00Z,2020-09-05T15:25:03Z,233,duration,sci,S1BS,Mars
,,0,2020-06-01T00:00:00Z,2020-11-27T12:00:00Z,2020-09-05T19:21:08Z,222,duration,sci,S1BS,Mars
,,0,2020-06-01T00:00:00Z,2020-11-27T12:00:00Z,2020-09-05T23:17:08Z,221,duration,sci,S1BS,Mars
,,0,2020-06-01T00:00:00Z,2020-11-27T12:00:00Z,2020-09-06T03:13:00Z,222,duration,sci,S1BS,Mars
,,0,2020-06-01T00:00:00Z,2020-11-27T12:00:00Z,2020-09-06T07:09:01Z,213,duration,sci,S1BS,Mars
,,0,2020-06-01T00:00:00Z,2020-11-27T12:00:00Z,2020-09-06T17:50:55Z,3133,duration,sci,S1BS,Mars
,,0,2020-06-01T00:00:00Z,2020-11-27T12:00:00Z,2020-09-06T20:54:55Z,212,duration,sci,S1BS,Mars
,,0,2020-06-01T00:00:00Z,2020-11-27T12:00:00Z,2020-09-07T02:06:19Z,2987,duration,sci,S1BS,Mars
,,0,2020-06-01T00:00:00Z,2020-11-27T12:00:00Z,2020-09-07T04:46:45Z,214,duration,sci,S1BS,Mars
,,0,2020-06-01T00:00:00Z,2020-11-27T12:00:00Z,2020-09-07T06:44:49Z,206,duration,sci,S1BS,Mars
,,0,2020-06-01T00:00:00Z,2020-11-27T12:00:00Z,2020-09-07T08:42:48Z,208,duration,sci,S1BS,Mars
,,0,2020-06-01T00:00:00Z,2020-11-27T12:00:00Z,2020-09-07T14:36:43Z,216,duration,sci,S1BS,Mars
,,0,2020-06-01T00:00:00Z,2020-11-27T12:00:00Z,2020-09-07T16:34:39Z,214,duration,sci,S1BS,Mars
,,0,2020-06-01T00:00:00Z,2020-11-27T12:00:00Z,2020-09-07T18:32:39Z,211,duration,sci,S1BS,Mars
,,0,2020-06-01T00:00:00Z,2020-11-27T12:00:00Z,2020-09-07T20:30:45Z,203,duration,sci,S1BS,Mars
,,0,2020-06-01T00:00:00Z,2020-11-27T12:00:00Z,2020-09-07T22:28:48Z,202,duration,sci,S1BS,Mars
,,0,2020-06-01T00:00:00Z,2020-11-27T12:00:00Z,2020-09-08T00:26:49Z,201,duration,sci,S1BS,Mars
,,0,2020-06-01T00:00:00Z,2020-11-27T12:00:00Z,2020-09-08T02:24:44Z,205,duration,sci,S1BS,Mars
,,0,2020-06-01T00:00:00Z,2020-11-27T12:00:00Z,2020-09-08T04:22:40Z,205,duration,sci,S1BS,Mars
,,0,2020-06-01T00:00:00Z,2020-11-27T12:00:00Z,2020-09-08T06:20:43Z,196,duration,sci,S1BS,Mars
,,0,2020-06-01T00:00:00Z,2020-11-27T12:00:00Z,2020-09-08T08:18:43Z,197,duration,sci,S1BS,Mars
,,0,2020-06-01T00:00:00Z,2020-11-27T12:00:00Z,2020-09-08T10:16:44Z,197,duration,sci,S1BS,Mars
,,0,2020-06-01T00:00:00Z,2020-11-27T12:00:00Z,2020-09-08T14:12:42Z,204,duration,sci,S1BS,Mars
,,0,2020-06-01T00:00:00Z,2020-11-27T12:00:00Z,2020-09-08T16:10:39Z,202,duration,sci,S1BS,Mars
,,0,2020-06-01T00:00:00Z,2020-11-27T12:00:00Z,2020-09-08T18:08:36Z,202,duration,sci,S1BS,Mars
,,0,2020-06-01T00:00:00Z,2020-11-27T12:00:00Z,2020-09-08T20:06:42Z,195,duration,sci,S1BS,Mars
,,0,2020-06-01T00:00:00Z,2020-11-27T12:00:00Z,2020-09-08T22:04:48Z,189,duration,sci,S1BS,Mars
,,0,2020-06-01T00:00:00Z,2020-11-27T12:00:00Z,2020-09-09T00:02:48Z,191,duration,sci,S1BS,Mars
,,0,2020-06-01T00:00:00Z,2020-11-27T12:00:00Z,2020-09-09T02:00:46Z,192,duration,sci,S1BS,Mars
,,0,2020-06-01T00:00:00Z,2020-11-27T12:00:00Z,2020-09-09T03:58:41Z,196,duration,sci,S1BS,Mars
,,0,2020-06-01T00:00:00Z,2020-11-27T12:00:00Z,2020-09-09T05:56:41Z,191,duration,sci,S1BS,Mars
,,0,2020-06-01T00:00:00Z,2020-11-27T12:00:00Z,2020-09-09T07:54:44Z,185,duration,sci,S1BS,Mars
,,0,2020-06-01T00:00:00Z,2020-11-27T12:00:00Z,2020-09-09T09:52:43Z,189,duration,sci,S1BS,Mars
,,0,2020-06-01T00:00:00Z,2020-11-27T12:00:00Z,2020-09-09T13:48:45Z,191,duration,sci,S1BS,Mars
,,0,2020-06-01T00:00:00Z,2020-11-27T12:00:00Z,2020-09-09T15:46:40Z,195,duration,sci,S1BS,Mars
,,0,2020-06-01T00:00:00Z,2020-11-27T12:00:00Z,2020-09-09T17:44:38Z,193,duration,sci,S1BS,Mars
,,0,2020-06-01T00:00:00Z,2020-11-27T12:00:00Z,2020-09-09T19:42:41Z,186,duration,sci,S1BS,Mars
,,0,2020-06-01T00:00:00Z,2020-11-27T12:00:00Z,2020-09-09T21:40:48Z,181,duration,sci,S1BS,Mars
,,0,2020-06-01T00:00:00Z,2020-11-27T12:00:00Z,2020-09-09T23:38:52Z,178,duration,sci,S1BS,Mars
,,0,2020-06-01T00:00:00Z,2020-11-27T12:00:00Z,2020-09-10T01:36:52Z,179,duration,sci,S1BS,Mars
,,0,2020-06-01T00:00:00Z,2020-11-27T12:00:00Z,2020-09-10T03:34:52Z,177,duration,sci,S1BS,Mars
,,0,2020-06-01T00:00:00Z,2020-11-27T12:00:00Z,2020-09-10T05:32:49Z,178,duration,sci,S1BS,Mars
,,0,2020-06-01T00:00:00Z,2020-11-27T12:00:00Z,2020-09-10T07:30:50Z,173,duration,sci,S1BS,Mars
,,0,2020-06-01T00:00:00Z,2020-11-27T12:00:00Z,2020-09-10T09:28:54Z,169,duration,sci,S1BS,Mars
,,0,2020-06-01T00:00:00Z,2020-11-27T12:00:00Z,2020-09-10T11:26:55Z,173,duration,sci,S1BS,Mars
,,0,2020-06-01T00:00:00Z,2020-11-27T12:00:00Z,2020-09-10T15:22:55Z,176,duration,sci,S1BS,Mars
,,0,2020-06-01T00:00:00Z,2020-11-27T12:00:00Z,2020-09-10T17:20:48Z,181,duration,sci,S1BS,Mars
,,0,2020-06-01T00:00:00Z,2020-11-27T12:00:00Z,2020-09-10T19:18:50Z,175,duration,sci,S1BS,Mars
,,0,2020-06-01T00:00:00Z,2020-11-27T12:00:00Z,2020-09-10T21:16:54Z,172,duration,sci,S1BS,Mars
,,0,2020-06-01T00:00:00Z,2020-11-27T12:00:00Z,2020-09-10T23:15:02Z,166,duration,sci,S1BS,Mars
,,0,2020-06-01T00:00:00Z,2020-11-27T12:00:00Z,2020-09-11T01:13:06Z,163,duration,sci,S1BS,Mars
,,0,2020-06-01T00:00:00Z,2020-11-27T12:00:00Z,2020-09-11T03:11:04Z,166,duration,sci,S1BS,Mars
,,0,2020-06-01T00:00:00Z,2020-11-27T12:00:00Z,2020-09-11T05:09:02Z,165,duration,sci,S1BS,Mars
,,0,2020-06-01T00:00:00Z,2020-11-27T12:00:00Z,2020-09-11T07:07:00Z,164,duration,sci,S1BS,Mars
,,0,2020-06-01T00:00:00Z,2020-11-27T12:00:00Z,2020-09-11T09:05:05Z,158,duration,sci,S1BS,Mars
,,0,2020-06-01T00:00:00Z,2020-11-27T12:00:00Z,2020-09-11T11:03:08Z,157,duration,sci,S1BS,Mars
,,0,2020-06-01T00:00:00Z,2020-11-27T12:00:00Z,2020-09-11T14:59:07Z,165,duration,sci,S1BS,Mars
,,0,2020-06-01T00:00:00Z,2020-11-27T12:00:00Z,2020-09-11T16:57:04Z,166,duration,sci,S1BS,Mars
,,0,2020-06-01T00:00:00Z,2020-11-27T12:00:00Z,2020-09-11T18:55:03Z,164,duration,sci,S1BS,Mars
,,0,2020-06-01T00:00:00Z,2020-11-27T12:00:00Z,2020-09-11T20:53:08Z,157,duration,sci,S1BS,Mars
,,0,2020-06-01T00:00:00Z,2020-11-27T12:00:00Z,2020-09-11T22:51:17Z,149,duration,sci,S1BS,Mars
,,0,2020-06-01T00:00:00Z,2020-11-27T12:00:00Z,2020-09-12T00:49:21Z,149,duration,sci,S1BS,Mars
,,0,2020-06-01T00:00:00Z,2020-11-27T12:00:00Z,2020-09-12T02:47:25Z,145,duration,sci,S1BS,Mars
,,0,2020-06-01T00:00:00Z,2020-11-27T12:00:00Z,2020-09-12T04:45:19Z,151,duration,sci,S1BS,Mars
,,0,2020-06-01T00:00:00Z,2020-11-27T12:00:00Z,2020-09-12T06:43:20Z,146,duration,sci,S1BS,Mars
,,0,2020-06-01T00:00:00Z,2020-11-27T12:00:00Z,2020-09-12T08:41:22Z,143,duration,sci,S1BS,Mars
,,0,2020-06-01T00:00:00Z,2020-11-27T12:00:00Z,2020-09-12T10:39:28Z,140,duration,sci,S1BS,Mars
,,0,2020-06-01T00:00:00Z,2020-11-27T12:00:00Z,2020-09-12T12:37:31Z,140,duration,sci,S1BS,Mars
,,0,2020-06-01T00:00:00Z,2020-11-27T12:00:00Z,2020-09-12T16:33:27Z,150,duration,sci,S1BS,Mars
,,0,2020-06-01T00:00:00Z,2020-11-27T12:00:00Z,2020-09-12T18:31:26Z,147,duration,sci,S1BS,Mars
,,0,2020-06-01T00:00:00Z,2020-11-27T12:00:00Z,2020-09-12T20:29:29Z,142,duration,sci,S1BS,Mars
,,0,2020-06-01T00:00:00Z,2020-11-27T12:00:00Z,2020-09-12T22:27:37Z,135,duration,sci,S1BS,Mars
,,0,2020-06-01T00:00:00Z,2020-11-27T12:00:00Z,2020-09-13T02:23:48Z,130,duration,sci,S1BS,Mars
,,0,2020-06-01T00:00:00Z,2020-11-27T12:00:00Z,2020-09-13T04:21:46Z,132,duration,sci,S1BS,Mars
,,0,2020-06-01T00:00:00Z,2020-11-27T12:00:00Z,2020-09-13T06:19:46Z,129,duration,sci,S1BS,Mars
,,0,2020-06-01T00:00:00Z,2020-11-27T12:00:00Z,2020-09-13T08:17:47Z,127,duration,sci,S1BS,Mars
,,0,2020-06-01T00:00:00Z,2020-11-27T12:00:00Z,2020-09-13T10:15:55Z,118,duration,sci,S1BS,Mars
,,0,2020-06-01T00:00:00Z,2020-11-27T12:00:00Z,2020-09-13T12:13:57Z,120,duration,sci,S1BS,Mars
,,0,2020-06-01T00:00:00Z,2020-11-27T12:00:00Z,2020-09-13T18:07:55Z,129,duration,sci,S1BS,Mars
,,0,2020-06-01T00:00:00Z,2020-11-27T12:00:00Z,2020-09-13T20:05:55Z,126,duration,sci,S1BS,Mars
,,0,2020-06-01T00:00:00Z,2020-11-27T12:00:00Z,2020-09-13T22:04:07Z,113,duration,sci,S1BS,Mars
,,0,2020-06-01T00:00:00Z,2020-11-27T12:00:00Z,2020-09-14T00:02:12Z,113,duration,sci,S1BS,Mars
,,0,2020-06-01T00:00:00Z,2020-11-27T12:00:00Z,2020-09-14T03:58:20Z,108,duration,sci,S1BS,Mars
,,0,2020-06-01T00:00:00Z,2020-11-27T12:00:00Z,2020-09-14T05:56:20Z,109,duration,sci,S1BS,Mars
,,0,2020-06-01T00:00:00Z,2020-11-27T12:00:00Z,2020-09-14T07:54:21Z,105,duration,sci,S1BS,Mars
,,0,2020-06-01T00:00:00Z,2020-11-27T12:00:00Z,2020-09-14T09:52:27Z,97,duration,sci,S1BS,Mars
,,0,2020-06-01T00:00:00Z,2020-11-27T12:00:00Z,2020-09-14T11:50:30Z,98,duration,sci,S1BS,Mars
,,0,2020-06-01T00:00:00Z,2020-11-27T12:00:00Z,2020-09-14T13:48:34Z,98,duration,sci,S1BS,Mars
,,0,2020-06-01T00:00:00Z,2020-11-27T12:00:00Z,2020-09-14T17:44:28Z,112,duration,sci,S1BS,Mars
,,0,2020-06-01T00:00:00Z,2020-11-27T12:00:00Z,2020-09-14T19:42:33Z,102,duration,sci,S1BS,Mars
,,0,2020-06-01T00:00:00Z,2020-11-27T12:00:00Z,2020-09-14T21:40:36Z,98,duration,sci,S1BS,Mars
,,0,2020-06-01T00:00:00Z,2020-11-27T12:00:00Z,2020-09-14T23:38:47Z,89,duration,sci,S1BS,Mars
,,0,2020-06-01T00:00:00Z,2020-11-27T12:00:00Z,2020-09-15T03:35:02Z,78,duration,sci,S1BS,Mars
,,0,2020-06-01T00:00:00Z,2020-11-27T12:00:00Z,2020-09-15T05:33:01Z,82,duration,sci,S1BS,Mars
,,0,2020-06-01T00:00:00Z,2020-11-27T12:00:00Z,2020-09-15T07:31:06Z,72,duration,sci,S1BS,Mars
,,0,2020-06-01T00:00:00Z,2020-11-27T12:00:00Z,2020-09-15T09:29:10Z,67,duration,sci,S1BS,Mars
,,0,2020-06-01T00:00:00Z,2020-11-27T12:00:00Z,2020-09-15T11:27:19Z,56,duration,sci,S1BS,Mars
,,0,2020-06-01T00:00:00Z,2020-11-27T12:00:00Z,2020-09-15T13:25:15Z,69,duration,sci,S1BS,Mars
,,0,2020-06-01T00:00:00Z,2020-11-27T12:00:00Z,2020-09-15T17:21:15Z,81,duration,sci,S1BS,Mars
,,0,2020-06-01T00:00:00Z,2020-11-27T12:00:00Z,2020-09-15T19:19:20Z,72,duration,sci,S1BS,Mars
,,0,2020-06-01T00:00:00Z,2020-11-27T12:00:00Z,2020-09-15T21:17:21Z,69,duration,sci,S1BS,Mars
,,0,2020-06-01T00:00:00Z,2020-11-27T12:00:00Z,2020-09-15T23:15:37Z,48,duration,sci,S1BS,Mars
,,0,2020-06-01T00:00:00Z,2020-11-27T12:00:00Z,2020-09-16T01:13:44Z,47,duration,sci,S1BS,Mars
,,0,2020-06-01T00:00:00Z,2020-11-27T12:00:00Z,2020-09-16T05:09:55Z,39,duration,sci,S1BS,Mars
,,0,2020-06-01T00:00:00Z,2020-11-27T12:00:00Z,2020-09-19T10:39:08Z,3078,duration,sci,S1BS,Mars
,,0,2020-06-01T00:00:00Z,2020-11-27T12:00:00Z,2020-09-19T12:11:06Z,520,duration,sci,S1BS,Mars
,,0,2020-06-01T00:00:00Z,2020-11-27T12:00:00Z,2020-09-19T20:54:57Z,2957,duration,sci,S1BS,Mars
,,0,2020-06-01T00:00:00Z,2020-11-27T12:00:00Z,2020-10-02T13:45:52Z,2978,duration,sci,S1BS,Mars
,,0,2020-06-01T00:00:00Z,2020-11-27T12:00:00Z,2020-10-03T01:10:52Z,3114,duration,sci,S1BS,Mars
,,0,2020-06-01T00:00:00Z,2020-11-27T12:00:00Z,2020-10-05T02:18:46Z,3145,duration,sci,S1BS,Mars
,,0,2020-06-01T00:00:00Z,2020-11-27T12:00:00Z,2020-10-06T03:03:10Z,51,duration,sci,S1BS,Mars
,,0,2020-06-01T00:00:00Z,2020-11-27T12:00:00Z,2020-10-06T18:46:47Z,37,duration,sci,S1BS,Mars
,,0,2020-06-01T00:00:00Z,2020-11-27T12:00:00Z,2020-10-06T22:42:48Z,28,duration,sci,S1BS,Mars
,,0,2020-06-01T00:00:00Z,2020-11-27T12:00:00Z,2020-10-07T02:38:24Z,61,duration,sci,S1BS,Mars
,,0,2020-06-01T00:00:00Z,2020-11-27T12:00:00Z,2020-10-07T06:34:21Z,47,duration,sci,S1BS,Mars
,,0,2020-06-01T00:00:00Z,2020-11-27T12:00:00Z,2020-10-07T10:27:21Z,317,duration,sci,S1BS,Mars
,,0,2020-06-01T00:00:00Z,2020-11-27T12:00:00Z,2020-10-07T16:21:14Z,313,duration,sci,S1BS,Mars
,,0,2020-06-01T00:00:00Z,2020-11-27T12:00:00Z,2020-10-07T20:17:08Z,307,duration,sci,S1BS,Mars
,,0,2020-06-01T00:00:00Z,2020-11-27T12:00:00Z,2020-10-08T00:13:04Z,305,duration,sci,S1BS,Mars
,,0,2020-06-01T00:00:00Z,2020-11-27T12:00:00Z,2020-10-08T04:08:53Z,310,duration,sci,S1BS,Mars
,,0,2020-06-01T00:00:00Z,2020-11-27T12:00:00Z,2020-10-08T08:04:50Z,299,duration,sci,S1BS,Mars
,,0,2020-06-01T00:00:00Z,2020-11-27T12:00:00Z,2020-10-08T12:00:46Z,300,duration,sci,S1BS,Mars
,,0,2020-06-01T00:00:00Z,2020-11-27T12:00:00Z,2020-10-08T15:56:43Z,294,duration,sci,S1BS,Mars
,,0,2020-06-01T00:00:00Z,2020-11-27T12:00:00Z,2020-10-08T19:52:30Z,294,duration,sci,S1BS,Mars
,,0,2020-06-01T00:00:00Z,2020-11-27T12:00:00Z,2020-10-08T23:48:29Z,289,duration,sci,S1BS,Mars
,,0,2020-06-01T00:00:00Z,2020-11-27T12:00:00Z,2020-10-09T03:44:20Z,293,duration,sci,S1BS,Mars
,,0,2020-06-01T00:00:00Z,2020-11-27T12:00:00Z,2020-10-09T07:40:11Z,288,duration,sci,S1BS,Mars
,,0,2020-06-01T00:00:00Z,2020-11-27T12:00:00Z,2020-10-09T11:36:10Z,284,duration,sci,S1BS,Mars
,,0,2020-06-01T00:00:00Z,2020-11-27T12:00:00Z,2020-10-09T17:30:01Z,280,duration,sci,S1BS,Mars
,,0,2020-06-01T00:00:00Z,2020-11-27T12:00:00Z,2020-10-09T21:25:55Z,274,duration,sci,S1BS,Mars
,,0,2020-06-01T00:00:00Z,2020-11-27T12:00:00Z,2020-10-10T01:21:51Z,273,duration,sci,S1BS,Mars
,,0,2020-06-01T00:00:00Z,2020-11-27T12:00:00Z,2020-10-10T05:17:40Z,275,duration,sci,S1BS,Mars
,,0,2020-06-01T00:00:00Z,2020-11-27T12:00:00Z,2020-10-10T09:13:35Z,267,duration,sci,S1BS,Mars
,,0,2020-06-01T00:00:00Z,2020-11-27T12:00:00Z,2020-10-10T13:09:33Z,265,duration,sci,S1BS,Mars
,,0,2020-06-01T00:00:00Z,2020-11-27T12:00:00Z,2020-10-10T17:05:28Z,260,duration,sci,S1BS,Mars
,,0,2020-06-01T00:00:00Z,2020-11-27T12:00:00Z,2020-10-10T21:01:17Z,258,duration,sci,S1BS,Mars
,,0,2020-06-01T00:00:00Z,2020-11-27T12:00:00Z,2020-10-11T00:57:53Z,216,duration,sci,S1BS,Mars
,,0,2020-06-01T00:00:00Z,2020-11-27T12:00:00Z,2020-10-11T04:53:40Z,223,duration,sci,S1BS,Mars
,,0,2020-06-01T00:00:00Z,2020-11-27T12:00:00Z,2020-10-11T08:49:35Z,213,duration,sci,S1BS,Mars
,,0,2020-06-01T00:00:00Z,2020-11-27T12:00:00Z,2020-10-11T11:36:17Z,3232,duration,sci,S1BS,Mars
,,0,2020-06-01T00:00:00Z,2020-11-27T12:00:00Z,2020-10-11T20:37:19Z,202,duration,sci,S1BS,Mars
,,0,2020-06-01T00:00:00Z,2020-11-27T12:00:00Z,2020-10-12T00:33:18Z,194,duration,sci,S1BS,Mars
,,0,2020-06-01T00:00:00Z,2020-11-27T12:00:00Z,2020-10-12T04:29:10Z,196,duration,sci,S1BS,Mars
,,0,2020-06-01T00:00:00Z,2020-11-27T12:00:00Z,2020-10-12T08:24:58Z,194,duration,sci,S1BS,Mars
,,0,2020-06-01T00:00:00Z,2020-11-27T12:00:00Z,2020-10-12T12:20:57Z,188,duration,sci,S1BS,Mars
,,0,2020-06-01T00:00:00Z,2020-11-27T12:00:00Z,2020-10-12T18:14:51Z,181,duration,sci,S1BS,Mars
,,0,2020-06-01T00:00:00Z,2020-11-27T12:00:00Z,2020-10-12T22:10:43Z,175,duration,sci,S1BS,Mars
,,0,2020-06-01T00:00:00Z,2020-11-27T12:00:00Z,2020-10-13T02:06:42Z,169,duration,sci,S1BS,Mars
,,0,2020-06-01T00:00:00Z,2020-11-27T12:00:00Z,2020-10-13T06:02:33Z,170,duration,sci,S1BS,Mars
,,0,2020-06-01T00:00:00Z,2020-11-27T12:00:00Z,2020-10-13T09:58:27Z,161,duration,sci,S1BS,Mars
,,0,2020-06-01T00:00:00Z,2020-11-27T12:00:00Z,2020-10-13T13:54:27Z,156,duration,sci,S1BS,Mars
,,0,2020-06-01T00:00:00Z,2020-11-27T12:00:00Z,2020-10-13T17:50:24Z,149,duration,sci,S1BS,Mars
,,0,2020-06-01T00:00:00Z,2020-11-27T12:00:00Z,2020-10-13T21:46:13Z,144,duration,sci,S1BS,Mars
,,0,2020-06-01T00:00:00Z,2020-11-27T12:00:00Z,2020-10-14T01:42:16Z,131,duration,sci,S1BS,Mars
,,0,2020-06-01T00:00:00Z,2020-11-27T12:00:00Z,2020-10-14T05:38:04Z,137,duration,sci,S1BS,Mars
,,0,2020-06-01T00:00:00Z,2020-11-27T12:00:00Z,2020-10-14T09:33:59Z,125,duration,sci,S1BS,Mars
,,0,2020-06-01T00:00:00Z,2020-11-27T12:00:00Z,2020-10-14T14:42:16Z,1102,duration,sci,S1BS,Mars
,,0,2020-06-01T00:00:00Z,2020-11-27T12:00:00Z,2020-10-14T15:27:56Z,118,duration,sci,S1BS,Mars
,,0,2020-06-01T00:00:00Z,2020-11-27T12:00:00Z,2020-10-14T19:23:50Z,111,duration,sci,S1BS,Mars
,,0,2020-06-01T00:00:00Z,2020-11-27T12:00:00Z,2020-10-14T23:19:46Z,98,duration,sci,S1BS,Mars
,,0,2020-06-01T00:00:00Z,2020-11-27T12:00:00Z,2020-10-15T02:12:36Z,25,duration,sci,S1BS,Mars
,,0,2020-06-01T00:00:00Z,2020-11-27T12:00:00Z,2020-10-15T03:15:56Z,74,duration,sci,S1BS,Mars
,,0,2020-06-01T00:00:00Z,2020-11-27T12:00:00Z,2020-10-15T07:11:40Z,84,duration,sci,S1BS,Mars
,,0,2020-06-01T00:00:00Z,2020-11-27T12:00:00Z,2020-10-15T10:03:55Z,71,duration,sci,S1BS,Mars
,,0,2020-06-01T00:00:00Z,2020-11-27T12:00:00Z,2020-10-15T11:07:50Z,46,duration,sci,S1BS,Mars
,,0,2020-06-01T00:00:00Z,2020-11-27T12:00:00Z,2020-10-15T13:59:57Z,51,duration,sci,S1BS,Mars
,,0,2020-06-01T00:00:00Z,2020-11-27T12:00:00Z,2020-10-15T15:03:52Z,35,duration,sci,S1BS,Mars
,,0,2020-06-01T00:00:00Z,2020-11-27T12:00:00Z,2020-10-15T17:55:33Z,94,duration,sci,S1BS,Mars
,,0,2020-06-01T00:00:00Z,2020-11-27T12:00:00Z,2020-10-15T21:51:16Z,99,duration,sci,S1BS,Mars
,,0,2020-06-01T00:00:00Z,2020-11-27T12:00:00Z,2020-10-16T01:47:09Z,99,duration,sci,S1BS,Mars
,,0,2020-06-01T00:00:00Z,2020-11-27T12:00:00Z,2020-10-16T05:43:04Z,100,duration,sci,S1BS,Mars
,,0,2020-06-01T00:00:00Z,2020-11-27T12:00:00Z,2020-10-16T09:38:44Z,119,duration,sci,S1BS,Mars
,,0,2020-06-01T00:00:00Z,2020-11-27T12:00:00Z,2020-10-16T13:53:54Z,956,duration,sci,S1BS,Mars
,,0,2020-06-01T00:00:00Z,2020-11-27T12:00:00Z,2020-10-16T13:53:55Z,955,duration,sci,S1BS,Mars
,,0,2020-06-01T00:00:00Z,2020-11-27T12:00:00Z,2020-10-16T19:28:20Z,130,duration,sci,S1BS,Mars
,,0,2020-06-01T00:00:00Z,2020-11-27T12:00:00Z,2020-10-16T23:24:05Z,132,duration,sci,S1BS,Mars
,,0,2020-06-01T00:00:00Z,2020-11-27T12:00:00Z,2020-10-17T03:20:00Z,134,duration,sci,S1BS,Mars
,,0,2020-06-01T00:00:00Z,2020-11-27T12:00:00Z,2020-10-17T07:15:50Z,137,duration,sci,S1BS,Mars
,,0,2020-06-01T00:00:00Z,2020-11-27T12:00:00Z,2020-10-17T11:11:33Z,146,duration,sci,S1BS,Mars
,,0,2020-06-01T00:00:00Z,2020-11-27T12:00:00Z,2020-10-17T15:07:27Z,142,duration,sci,S1BS,Mars
,,0,2020-06-01T00:00:00Z,2020-11-27T12:00:00Z,2020-10-17T19:03:15Z,156,duration,sci,S1BS,Mars
,,0,2020-06-01T00:00:00Z,2020-11-27T12:00:00Z,2020-10-17T22:58:59Z,196,duration,sci,S1BS,Mars
,,0,2020-06-01T00:00:00Z,2020-11-27T12:00:00Z,2020-10-18T02:54:53Z,196,duration,sci,S1BS,Mars
,,0,2020-06-01T00:00:00Z,2020-11-27T12:00:00Z,2020-10-18T06:50:47Z,197,duration,sci,S1BS,Mars
,,0,2020-06-01T00:00:00Z,2020-11-27T12:00:00Z,2020-10-18T10:46:29Z,211,duration,sci,S1BS,Mars
,,0,2020-06-01T00:00:00Z,2020-11-27T12:00:00Z,2020-10-18T20:36:05Z,224,duration,sci,S1BS,Mars
,,0,2020-06-01T00:00:00Z,2020-11-27T12:00:00Z,2020-10-19T00:31:51Z,216,duration,sci,S1BS,Mars
,,0,2020-06-01T00:00:00Z,2020-11-27T12:00:00Z,2020-10-19T04:27:46Z,218,duration,sci,S1BS,Mars
,,0,2020-06-01T00:00:00Z,2020-11-27T12:00:00Z,2020-10-19T08:23:35Z,223,duration,sci,S1BS,Mars
,,0,2020-06-01T00:00:00Z,2020-11-27T12:00:00Z,2020-10-19T12:19:19Z,228,duration,sci,S1BS,Mars
,,0,2020-06-01T00:00:00Z,2020-11-27T12:00:00Z,2020-10-19T14:36:17Z,3225,duration,sci,S1BS,Mars
,,0,2020-06-01T00:00:00Z,2020-11-27T12:00:00Z,2020-10-19T20:11:01Z,237,duration,sci,S1BS,Mars
,,0,2020-06-01T00:00:00Z,2020-11-27T12:00:00Z,2020-10-20T00:06:44Z,236,duration,sci,S1BS,Mars
,,0,2020-06-01T00:00:00Z,2020-11-27T12:00:00Z,2020-10-20T04:02:39Z,234,duration,sci,S1BS,Mars
,,0,2020-06-01T00:00:00Z,2020-11-27T12:00:00Z,2020-10-20T07:58:31Z,236,duration,sci,S1BS,Mars
,,0,2020-06-01T00:00:00Z,2020-11-27T12:00:00Z,2020-10-20T11:54:14Z,246,duration,sci,S1BS,Mars
,,0,2020-06-01T00:00:00Z,2020-11-27T12:00:00Z,2020-10-20T15:50:06Z,239,duration,sci,S1BS,Mars
,,0,2020-06-01T00:00:00Z,2020-11-27T12:00:00Z,2020-10-20T19:45:56Z,252,duration,sci,S1BS,Mars
,,0,2020-06-01T00:00:00Z,2020-11-27T12:00:00Z,2020-10-20T23:41:39Z,254,duration,sci,S1BS,Mars
,,0,2020-06-01T00:00:00Z,2020-11-27T12:00:00Z,2020-10-21T08:39:31Z,36,duration,sci,S1BS,Mars
,,0,2020-06-01T00:00:00Z,2020-11-27T12:00:00Z,2020-10-25T11:39:42Z,3274,duration,sci,S1BS,Mars
,,0,2020-06-01T00:00:00Z,2020-11-27T12:00:00Z,2020-10-28T12:24:08Z,3186,duration,sci,S1BS,Mars
,,0,2020-06-01T00:00:00Z,2020-11-27T12:00:00Z,2020-10-31T12:45:53Z,637,duration,sci,S1BS,Mars
,,0,2020-06-01T00:00:00Z,2020-11-27T12:00:00Z,2020-10-31T13:35:48Z,3085,duration,sci,S1BS,Mars
,,0,2020-06-01T00:00:00Z,2020-11-27T12:00:00Z,2020-11-02T04:02:24Z,723,duration,sci,S1BS,Mars
,,0,2020-06-01T00:00:00Z,2020-11-27T12:00:00Z,2020-11-02T04:53:35Z,3046,duration,sci,S1BS,Mars
,,0,2020-06-01T00:00:00Z,2020-11-27T12:00:00Z,2020-11-07T15:51:47Z,1430,duration,sci,S1BS,Mars
,,0,2020-06-01T00:00:00Z,2020-11-27T12:00:00Z,2020-11-07T17:00:32Z,1188,duration,sci,S1BS,Mars
,,0,2020-06-01T00:00:00Z,2020-11-27T12:00:00Z,2020-11-09T03:02:33Z,1050,duration,sci,S1BS,Mars
,,0,2020-06-01T00:00:00Z,2020-11-27T12:00:00Z,2020-11-09T03:59:21Z,2837,duration,sci,S1BS,Mars
,,0,2020-06-01T00:00:00Z,2020-11-27T12:00:00Z,2020-11-13T04:50:18Z,1427,duration,sci,S1BS,Mars
,,0,2020-06-01T00:00:00Z,2020-11-27T12:00:00Z,2020-11-13T05:59:03Z,1226,duration,sci,S1BS,Mars
,,0,2020-06-01T00:00:00Z,2020-11-27T12:00:00Z,2020-11-16T01:15:20Z,1025,duration,sci,S1BS,Mars
,,0,2020-06-01T00:00:00Z,2020-11-27T12:00:00Z,2020-11-16T02:12:07Z,2841,duration,sci,S1BS,Mars
,,0,2020-06-01T00:00:00Z,2020-11-27T12:00:00Z,2020-11-17T02:56:32Z,1510,duration,sci,S1BS,Mars
,,0,2020-06-01T00:00:00Z,2020-11-27T12:00:00Z,2020-11-17T04:07:34Z,1290,duration,sci,S1BS,Mars
,,0,2020-06-01T00:00:00Z,2020-11-27T12:00:00Z,2020-11-21T22:24:39Z,55,duration,sci,S1BS,Mars
,,0,2020-06-01T00:00:00Z,2020-11-27T12:00:00Z,2020-11-22T00:22:11Z,76,duration,sci,S1BS,Mars
,,0,2020-06-01T00:00:00Z,2020-11-27T12:00:00Z,2020-11-22T02:20:04Z,66,duration,sci,S1BS,Mars
,,0,2020-06-01T00:00:00Z,2020-11-27T12:00:00Z,2020-11-22T04:17:59Z,60,duration,sci,S1BS,Mars
,,0,2020-06-01T00:00:00Z,2020-11-27T12:00:00Z,2020-11-22T06:15:57Z,50,duration,sci,S1BS,Mars
,,0,2020-06-01T00:00:00Z,2020-11-27T12:00:00Z,2020-11-22T08:13:36Z,70,duration,sci,S1BS,Mars
,,0,2020-06-01T00:00:00Z,2020-11-27T12:00:00Z,2020-11-22T10:11:18Z,81,duration,sci,S1BS,Mars
,,0,2020-06-01T00:00:00Z,2020-11-27T12:00:00Z,2020-11-22T18:02:30Z,89,duration,sci,S1BS,Mars
,,0,2020-06-01T00:00:00Z,2020-11-27T12:00:00Z,2020-11-22T21:58:07Z,103,duration,sci,S1BS,Mars
,,0,2020-06-01T00:00:00Z,2020-11-27T12:00:00Z,2020-11-22T23:55:53Z,108,duration,sci,S1BS,Mars
,,0,2020-06-01T00:00:00Z,2020-11-27T12:00:00Z,2020-11-23T02:15:03Z,712,duration,sci,S1BS,Mars
,,0,2020-06-01T00:00:00Z,2020-11-27T12:00:00Z,2020-11-23T03:06:22Z,3039,duration,sci,S1BS,Mars
,,0,2020-06-01T00:00:00Z,2020-11-27T12:00:00Z,2020-11-23T05:49:30Z,100,duration,sci,S1BS,Mars
,,0,2020-06-01T00:00:00Z,2020-11-27T12:00:00Z,2020-11-23T07:47:21Z,102,duration,sci,S1BS,Mars
,,0,2020-06-01T00:00:00Z,2020-11-27T12:00:00Z,2020-11-23T09:45:02Z,117,duration,sci,S1BS,Mars
,,0,2020-06-01T00:00:00Z,2020-11-27T12:00:00Z,2020-11-23T11:42:46Z,124,duration,sci,S1BS,Mars
,,0,2020-06-01T00:00:00Z,2020-11-27T12:00:00Z,2020-11-23T13:40:37Z,122,duration,sci,S1BS,Mars
,,0,2020-06-01T00:00:00Z,2020-11-27T12:00:00Z,2020-11-23T17:36:18Z,123,duration,sci,S1BS,Mars
,,0,2020-06-01T00:00:00Z,2020-11-27T12:00:00Z,2020-11-23T21:31:58Z,134,duration,sci,S1BS,Mars
,,0,2020-06-01T00:00:00Z,2020-11-27T12:00:00Z,2020-11-23T23:29:48Z,139,duration,sci,S1BS,Mars
,,0,2020-06-01T00:00:00Z,2020-11-27T12:00:00Z,2020-11-24T01:27:29Z,148,duration,sci,S1BS,Mars
,,0,2020-06-01T00:00:00Z,2020-11-27T12:00:00Z,2020-11-24T05:23:20Z,134,duration,sci,S1BS,Mars
,,0,2020-06-01T00:00:00Z,2020-11-27T12:00:00Z,2020-11-24T07:21:14Z,135,duration,sci,S1BS,Mars
,,0,2020-06-01T00:00:00Z,2020-11-27T12:00:00Z,2020-11-24T09:19:02Z,141,duration,sci,S1BS,Mars
,,0,2020-06-01T00:00:00Z,2020-11-27T12:00:00Z,2020-11-24T11:16:48Z,151,duration,sci,S1BS,Mars
,,0,2020-06-01T00:00:00Z,2020-11-27T12:00:00Z,2020-11-24T13:14:38Z,151,duration,sci,S1BS,Mars
,,0,2020-06-01T00:00:00Z,2020-11-27T12:00:00Z,2020-11-24T17:10:22Z,146,duration,sci,S1BS,Mars
,,0,2020-06-01T00:00:00Z,2020-11-27T12:00:00Z,2020-11-24T19:08:12Z,152,duration,sci,S1BS,Mars
,,0,2020-06-01T00:00:00Z,2020-11-27T12:00:00Z,2020-11-24T23:03:57Z,158,duration,sci,S1BS,Mars
,,0,2020-06-01T00:00:00Z,2020-11-27T12:00:00Z,2020-11-25T01:01:42Z,167,duration,sci,S1BS,Mars
,,0,2020-06-01T00:00:00Z,2020-11-27T12:00:00Z,2020-11-25T04:57:30Z,157,duration,sci,S1BS,Mars
,,0,2020-06-01T00:00:00Z,2020-11-27T12:00:00Z,2020-11-25T06:55:24Z,158,duration,sci,S1BS,Mars
,,0,2020-06-01T00:00:00Z,2020-11-27T12:00:00Z,2020-11-25T08:53:17Z,159,duration,sci,S1BS,Mars
,,0,2020-06-01T00:00:00Z,2020-11-27T12:00:00Z,2020-11-25T10:51:04Z,169,duration,sci,S1BS,Mars
,,0,2020-06-01T00:00:00Z,2020-11-27T12:00:00Z,2020-11-25T12:48:49Z,177,duration,sci,S1BS,Mars
,,0,2020-06-01T00:00:00Z,2020-11-27T12:00:00Z,2020-11-25T16:44:36Z,167,duration,sci,S1BS,Mars
,,0,2020-06-01T00:00:00Z,2020-11-27T12:00:00Z,2020-11-25T18:42:27Z,172,duration,sci,S1BS,Mars
,,0,2020-06-01T00:00:00Z,2020-11-27T12:00:00Z,2020-11-25T20:40:21Z,174,duration,sci,S1BS,Mars
,,0,2020-06-01T00:00:00Z,2020-11-27T12:00:00Z,2020-11-25T22:38:12Z,180,duration,sci,S1BS,Mars
,,0,2020-06-01T00:00:00Z,2020-11-27T12:00:00Z,2020-11-26T00:36:03Z,183,duration,sci,S1BS,Mars
,,0,2020-06-01T00:00:00Z,2020-11-27T12:00:00Z,2020-11-26T04:31:43Z,181,duration,sci,S1BS,Mars
,,0,2020-06-01T00:00:00Z,2020-11-27T12:00:00Z,2020-11-26T06:29:41Z,177,duration,sci,S1BS,Mars
,,0,2020-06-01T00:00:00Z,2020-11-27T12:00:00Z,2020-11-26T08:27:37Z,175,duration,sci,S1BS,Mars
,,0,2020-06-01T00:00:00Z,2020-11-27T12:00:00Z,2020-11-26T10:25:26Z,183,duration,sci,S1BS,Mars
,,0,2020-06-01T00:00:00Z,2020-11-27T12:00:00Z,2020-11-26T12:23:12Z,191,duration,sci,S1BS,Mars
,,0,2020-06-01T00:00:00Z,2020-11-27T12:00:00Z,2020-11-26T16:19:00Z,182,duration,sci,S1BS,Mars
,,0,2020-06-01T00:00:00Z,2020-11-27T12:00:00Z,2020-11-26T18:16:51Z,185,duration,sci,S1BS,Mars
,,0,2020-06-01T00:00:00Z,2020-11-27T12:00:00Z,2020-11-26T20:14:44Z,188,duration,sci,S1BS,Mars
,,0,2020-06-01T00:00:00Z,2020-11-27T12:00:00Z,2020-11-27T00:57:36Z,3168,duration,sci,S1BS,Mars
,,0,2020-06-01T00:00:00Z,2020-11-27T12:00:00Z,2020-11-27T04:06:03Z,205,duration,sci,S1BS,Mars
,,0,2020-06-01T00:00:00Z,2020-11-27T12:00:00Z,2020-11-27T06:04:05Z,193,duration,sci,S1BS,Mars
,,0,2020-06-01T00:00:00Z,2020-11-27T12:00:00Z,2020-11-27T08:02:02Z,192,duration,sci,S1BS,Mars
,,0,2020-06-01T00:00:00Z,2020-11-27T12:00:00Z,2020-11-27T09:59:53Z,197,duration,sci,S1BS,Mars
,,0,2020-06-01T00:00:00Z,2020-11-27T12:00:00Z,2020-11-27T11:57:43Z,201,duration,sci,S1BS,Mars

